Postcode District,Cars
AB1,50
AB10,8209
AB11,6467
AB12,15294
AB13,1882
AB14,2610
AB15,20177
AB16,10586
AB2,37
AB21,13442
AB22,8710
AB23,6846
AB24,9395
AB25,4972
AB3,7
AB30,4468
AB31,9428
AB32,8243
AB33,3438
AB34,3300
AB35,1325
AB36,347
AB37,740
AB38,2567
AB39,9904
AB41,12525
AB42,17796
AB43,11602
AB44,1934
AB45,5694
AB51,21154
AB52,3100
AB53,6942
AB54,6004
AB55,4792
AB56,7321
AB9,c
AL1,17630
AL10,13751
AL2,14119
AL3,15909
AL4,16161
AL5,17414
AL6,8275
AL7,17401
AL8,6933
AL9,7425
B1,1897
B10,6635
B11,11910
B12,5185
B13,15411
B14,17551
B15,5762
B16,6555
B17,10581
B18,4447
B19,5230
B2,69
B20,12213
B21,7868
B23,16795
B24,12237
B25,6137
B26,23000
B27,9511
B28,14718
B29,11797
B3,698
B30,12416
B31,23703
B32,15527
B33,13308
B34,8216
B35,3427
B36,15861
B37,18425
B38,8676
B4,286
B40,c
B42,11080
B43,15251
B44,14802
B45,15743
B46,7867
B47,6246
B48,3711
B49,6838
B5,2960
B50,4129
B6,6315
B60,17263
B61,14790
B62,13846
B63,19047
B64,7908
B65,10903
B66,7137
B67,10926
B68,14135
B69,13079
B7,2431
B70,10811
B71,13046
B72,5261
B73,14030
B74,19798
B75,14800
B76,12709
B77,28791
B78,14734
B79,12422
B8,11338
B80,4326
B9,6736
B90,27465
B91,19295
B92,25324
B93,40070
B94,5570
B95,4479
B96,3658
B97,18315
B98,25820
BA1,17496
BA10,2130
BA11,18889
BA12,17163
BA13,12270
BA14,28613
BA15,7885
BA16,6937
BA2,36249
BA20,6590
BA21,18028
BA22,11811
BA3,21560
BA4,11329
BA5,11003
BA6,7966
BA7,2275
BA8,2770
BA9,5112
BB1,27360
BB10,16219
BB11,9410
BB12,16925
BB18,8608
BB2,25233
BB3,15617
BB4,21423
BB5,26870
BB6,7532
BB7,19298
BB8,11083
BB9,18180
BD1,1637
BD10,15638
BD11,5819
BD12,7946
BD13,13251
BD14,3672
BD15,7402
BD16,12952
BD17,9503
BD18,11000
BD19,11512
BD2,12686
BD20,19584
BD21,8814
BD22,14002
BD23,16042
BD24,2854
BD3,8441
BD4,11373
BD5,7814
BD6,12468
BD7,9738
BD8,8596
BD9,9294
BH1,7740
BH10,10890
BH11,10482
BH12,18421
BH13,5154
BH14,13621
BH15,17142
BH16,9215
BH17,12769
BH18,7787
BH19,6107
BH2,3408
BH20,11948
BH21,26884
BH22,17561
BH23,31947
BH24,16218
BH25,15289
BH3,2900
BH31,8708
BH4,4637
BH5,4693
BH6,12123
BH7,5719
BH8,12916
BH9,14215
BL0,9524
BL1,27097
BL2,20704
BL3,25422
BL4,13981
BL5,14253
BL6,16380
BL7,8837
BL8,31295
BL9,29160
BN1,26675
BN10,9497
BN11,13655
BN12,12473
BN13,16219
BN14,16390
BN15,14201
BN16,17251
BN17,15842
BN18,8241
BN2,29517
BN20,11107
BN21,10986
BN22,14922
BN23,14542
BN24,6235
BN25,12568
BN26,7170
BN27,17609
BN3,30401
BN41,9146
BN42,4965
BN43,11561
BN44,6264
BN45,419
BN5,5281
BN6,10996
BN7,9257
BN8,10382
BN9,6072
BR1,23987
BR2,22624
BR3,21680
BR4,10368
BR5,21055
BR6,24661
BR7,9737
BR8,12045
BS1,2754
BS10,13765
BS11,8566
BS12,78
BS13,12846
BS14,15117
BS15,25291
BS16,134525
BS17,60
BS18,77
BS19,45
BS2,4677
BS20,19787
BS21,13887
BS22,21295
BS23,15551
BS24,13586
BS25,4308
BS26,3401
BS27,4535
BS28,2358
BS29,1725
BS3,15203
BS30,17575
BS31,12724
BS32,13862
BS34,17622
BS35,14972
BS36,10148
BS37,23211
BS39,10557
BS4,21593
BS40,9148
BS41,3599
BS48,14349
BS49,7330
BS5,20732
BS6,11877
BS7,16183
BS8,9661
BS9,16882
BS99,c
BT1,726
BT10,6203
BT11,10475
BT12,10916
BT13,7280
BT14,11726
BT15,9877
BT16,9776
BT17,14362
BT18,7310
BT19,22182
BT2,475
BT20,13410
BT21,4682
BT22,13034
BT23,32579
BT24,11218
BT25,9874
BT26,6117
BT27,13029
BT28,23470
BT29,8703
BT3,589
BT30,19548
BT31,5029
BT32,14792
BT33,5904
BT34,34028
BT35,25038
BT36,28388
BT37,12428
BT38,24528
BT39,15424
BT4,12087
BT40,14493
BT41,22577
BT42,20906
BT43,11850
BT44,14301
BT45,20504
BT46,5946
BT47,32744
BT48,25867
BT49,12061
BT5,20361
BT51,15172
BT52,8073
BT53,14439
BT54,4225
BT55,3933
BT56,3435
BT57,2300
BT6,18156
BT60,18471
BT61,9047
BT62,17378
BT63,12926
BT64,1077
BT65,3366
BT66,18375
BT67,14143
BT68,566
BT69,1569
BT7,7762
BT70,12185
BT71,22677
BT74,9365
BT75,2077
BT76,1161
BT77,866
BT78,16506
BT79,15018
BT8,16481
BT80,13292
BT81,4561
BT82,14261
BT9,10260
BT92,10167
BT93,6568
BT94,9322
CA1,10058
CA10,9019
CA11,11882
CA12,3982
CA13,9166
CA14,17895
CA15,7967
CA16,3881
CA17,2807
CA18,168
CA19,669
CA2,17137
CA20,1916
CA21,488
CA22,4473
CA23,826
CA24,584
CA25,2730
CA26,2053
CA27,946
CA28,13729
CA3,7793
CA4,6023
CA5,4564
CA6,5626
CA7,12967
CA8,5980
CA9,1204
CB1,16739
CB10,8955
CB11,11231
CB2,7159
CB21,9425
CB22,14539
CB23,20220
CB24,19718
CB25,10890
CB3,5338
CB4,15512
CB5,4742
CB6,22269
CB7,15794
CB8,19394
CB9,17259
CF1,c
CF10,4446
CF11,13552
CF14,37690
CF15,10847
CF2,33
CF23,23099
CF24,13317
CF3,20210
CF31,26146
CF32,15954
CF33,7070
CF34,9544
CF35,10862
CF36,8951
CF37,17150
CF38,13181
CF39,13876
CF4,68
CF40,9234
CF41,4862
CF42,6062
CF43,5074
CF44,19533
CF45,8520
CF46,7660
CF47,9249
CF48,12936
CF5,30283
CF61,5333
CF62,22296
CF63,9635
CF64,19797
CF7,15
CF71,6127
CF72,15500
CF8,22
CF81,7357
CF82,10402
CF83,26747
CF99,13
CH1,13629
CH2,17424
CH25,7
CH27,7
CH3,21071
CH34,9
CH4,19677
CH41,6021
CH42,11224
CH43,17801
CH44,10456
CH45,15303
CH46,11781
CH47,6024
CH48,8493
CH49,14732
CH5,22913
CH6,8882
CH60,8537
CH61,9959
CH62,14649
CH63,16234
CH64,11837
CH65,12964
CH66,19626
CH7,30116
CH8,11894
CM0,10200
CM1,33876
CM11,11374
CM12,11634
CM13,14917
CM14,10064
CM15,13406
CM16,13031
CM17,13491
CM18,11665
CM19,10594
CM2,31769
CM20,10735
CM21,6687
CM22,10541
CM23,22928
CM24,5241
CM3,35076
CM4,6664
CM5,7123
CM6,19339
CM7,27169
CM77,9737
CM8,17779
CM9,20877
CO1,6645
CO10,28770
CO11,8175
CO12,11707
CO13,7372
CO14,3392
CO15,21126
CO16,14605
CO2,17999
CO3,16698
CO4,23389
CO5,17937
CO6,18268
CO7,20689
CO8,1578
CO9,16072
CR0,56288
CR2,22637
CR3,16198
CR4,19704
CR5,16421
CR6,6043
CR7,14099
CR8,16068
CR9,147
CT1,9822
CT10,13056
CT11,12747
CT12,9326
CT13,5152
CT14,18371
CT15,7848
CT16,9349
CT17,9019
CT18,8861
CT19,12277
CT2,11105
CT20,9790
CT21,9868
CT3,11566
CT4,11131
CT5,18278
CT6,21578
CT7,6670
CT8,3807
CT9,19117
CV1,6861
CV10,27963
CV11,20711
CV12,16477
CV13,7129
CV2,27242
CV21,18865
CV22,20806
CV23,15552
CV3,33297
CV31,14008
CV32,16250
CV33,4805
CV34,19190
CV35,20469
CV36,6571
CV37,26361
CV4,13444
CV47,11857
CV5,23575
CV6,38619
CV7,17425
CV8,18967
CV9,12389
CW1,21041
CW10,9250
CW11,15491
CW12,18395
CW2,22459
CW3,5881
CW4,6655
CW5,17895
CW6,8819
CW7,17454
CW8,23313
CW9,19717
DA1,28758
DA10,4162
DA11,17586
DA12,23154
DA13,9472
DA14,10445
DA15,13902
DA16,16521
DA17,7310
DA18,1480
DA2,12925
DA3,10751
DA4,5568
DA5,11057
DA6,4811
DA7,16884
DA8,14417
DA9,7134
DD1,2406
DD10,10787
DD11,13300
DD2,17580
DD3,14388
DD4,16759
DD5,17938
DD6,5055
DD7,6746
DD8,15383
DD9,5830
DE1,5053
DE11,24986
DE12,13021
DE13,24357
DE14,14743
DE15,12114
DE2,6
DE21,36690
DE22,21417
DE23,24418
DE24,25139
DE3,9830
DE4,19813
DE45,5011
DE5,12659
DE55,29184
DE56,23286
DE6,16033
DE65,14006
DE7,25516
DE72,12220
DE73,11937
DE74,7266
DE75,9412
DG1,14546
DG10,2065
DG11,7254
DG12,6245
DG13,1372
DG14,773
DG16,1975
DG2,10897
DG3,2602
DG4,1953
DG5,2856
DG6,2720
DG7,6806
DG8,6649
DG9,7592
DH1,18747
DH2,15090
DH3,12593
DH4,16790
DH5,9347
DH6,17511
DH7,20502
DH8,19453
DH9,16553
DL1,21504
DL10,10444
DL11,3211
DL12,6627
DL13,7624
DL14,17790
DL15,11020
DL16,10945
DL17,8393
DL2,11128
DL3,20299
DL4,4211
DL5,14257
DL6,8652
DL7,8810
DL8,11402
DL9,5801
DN1,2803
DN10,8008
DN11,14491
DN12,10240
DN14,25606
DN15,17325
DN16,15313
DN17,19199
DN18,6648
DN19,4046
DN2,10559
DN20,11382
DN21,20025
DN22,20215
DN3,15832
DN31,3220
DN32,10064
DN33,9089
DN34,8571
DN35,14355
DN36,12119
DN37,11552
DN38,1813
DN39,1729
DN4,25618
DN40,6414
DN41,4031
DN5,19116
DN6,14153
DN7,10782
DN8,16438
DN9,13127
DT1,10719
DT10,7774
DT11,17832
DT2,16984
DT3,14295
DT4,17790
DT5,6025
DT6,12817
DT7,3210
DT8,3843
DT9,12757
DY1,15145
DY10,19899
DY11,17126
DY12,7731
DY13,13792
DY14,5683
DY2,14677
DY3,18121
DY4,18645
DY5,19847
DY6,16457
DY7,5234
DY8,27174
DY9,16748
E1,10121
E10,10927
E11,15790
E12,9488
E13,10282
E14,15734
E15,10141
E16,12231
E17,27007
E18,7451
E1W,3272
E2,6718
E20,989
E3,10585
E4,27251
E5,8621
E6,18918
E7,12185
E8,6499
E9,6927
EC1A,243
EC1M,255
EC1N,472
EC1R,835
EC1V,2082
EC1Y,494
EC2A,312
EC2M,58
EC2N,31
EC2P,42
EC2R,51
EC2V,79
EC2Y,701
EC3A,44
EC3M,36
EC3N,86
EC3R,71
EC3V,76
EC4A,92
EC4M,66
EC4N,57
EC4P,
EC4R,39
EC4V,171
EC4Y,108
EH1,875
EH10,14284
EH11,10513
EH12,17999
EH13,6342
EH14,17038
EH15,9084
EH16,11396
EH17,7859
EH18,1235
EH19,7523
EH2,347
EH20,3290
EH21,11518
EH22,15563
EH23,4741
EH24,1131
EH25,1853
EH26,8335
EH27,1583
EH28,2533
EH29,2910
EH3,6399
EH30,5228
EH31,1566
EH32,10103
EH33,7006
EH34,1650
EH35,1221
EH36,261
EH37,935
EH38,241
EH39,5511
EH4,22565
EH40,1306
EH41,7124
EH42,6107
EH43,392
EH44,1692
EH45,5703
EH46,2229
EH47,13257
EH48,19674
EH49,8660
EH5,7864
EH51,7789
EH52,10512
EH53,6194
EH54,25460
EH55,4410
EH6,12525
EH7,10021
EH8,5489
EH9,6490
EN1,19129
EN10,9690
EN11,12113
EN2,13759
EN3,20352
EN4,12721
EN5,17302
EN6,16835
EN7,12856
EN8,17986
EN9,14010
EX1,9964
EX10,10136
EX11,5792
EX12,5395
EX13,7898
EX14,12775
EX15,13759
EX16,18042
EX17,11813
EX18,2070
EX19,2489
EX2,31829
EX20,12505
EX21,2949
EX22,6982
EX23,8904
EX24,2408
EX3,2835
EX31,14959
EX32,11397
EX33,5484
EX34,8332
EX35,908
EX36,5430
EX37,2454
EX38,4679
EX39,20785
EX4,19945
EX5,14985
EX6,9300
EX7,7277
EX8,18891
EX9,4258
FK1,13657
FK10,18628
FK11,1536
FK12,2482
FK13,3063
FK14,2778
FK15,6014
FK16,1371
FK17,1943
FK18,128
FK19,346
FK2,25902
FK20,189
FK21,515
FK3,8004
FK4,7115
FK5,11005
FK6,7202
FK7,28315
FK8,8401
FK9,6183
FY1,10036
FY2,10958
FY3,13568
FY4,20217
FY5,23819
FY6,16834
FY7,10433
FY8,24464
G1,1072
G11,6708
G12,9564
G13,12438
G14,6396
G15,5255
G2,630
G20,8401
G21,7798
G22,5070
G23,2784
G3,4968
G31,6313
G32,13806
G33,17014
G34,2033
G4,2865
G40,3595
G41,12142
G42,8348
G43,7002
G44,11823
G45,3968
G46,11987
G5,3613
G51,9386
G52,49985
G53,13440
G60,2752
G61,15829
G62,7131
G63,6052
G64,13390
G65,6335
G66,19603
G67,13464
G68,10605
G69,17007
G71,15124
G72,23595
G73,13108
G74,18176
G75,18511
G76,11675
G77,15104
G78,11033
G81,15045
G82,12188
G83,11531
G84,10814
GL1,14754
GL10,8804
GL11,11636
GL12,9953
GL13,3950
GL14,69448
GL15,13070
GL16,8342
GL17,7401
GL18,5334
GL19,6174
GL2,35456
GL20,17734
GL3,18804
GL4,25309
GL5,17578
GL50,9480
GL51,26612
GL52,25266
GL53,11484
GL54,16058
GL55,3866
GL56,6354
GL6,16256
GL7,27965
GL8,5795
GL9,1757
GU1,15659
GU10,16363
GU11,70411
GU12,18213
GU13,54
GU14,31124
GU15,20752
GU16,14436
GU17,6702
GU18,4766
GU19,3684
GU2,13020
GU20,3114
GU21,26274
GU22,19387
GU23,4785
GU24,11177
GU25,4006
GU26,4905
GU27,10700
GU28,4596
GU29,6237
GU3,7471
GU30,6554
GU31,7177
GU32,6950
GU33,5352
GU34,20746
GU35,14770
GU4,10154
GU46,9429
GU47,11756
GU5,7309
GU51,14717
GU52,11419
GU6,9699
GU7,12615
GU8,11889
GU9,17799
HA0,15537
HA1,13641
HA2,22385
HA3,28107
HA4,24840
HA5,22380
HA6,11730
HA7,17177
HA8,26153
HA9,15401
HD1,6940
HD2,12592
HD3,14723
HD4,12620
HD5,13501
HD6,13179
HD7,11667
HD8,18896
HD9,19618
HG1,16325
HG2,16306
HG3,19929
HG4,14299
HG5,10660
HP1,13469
HP10,12518
HP11,8006
HP12,11409
HP13,21851
HP14,11762
HP15,11181
HP16,8025
HP17,6868
HP18,12713
HP19,13073
HP2,20498
HP20,7434
HP21,17280
HP22,18789
HP23,10882
HP27,8321
HP3,18364
HP4,14338
HP5,14698
HP6,8469
HP7,6484
HP8,4798
HP9,11035
HR1,18668
HR2,20976
HR3,4868
HR4,16311
HR5,2860
HR6,12032
HR7,4630
HR8,8668
HR9,13176
HS1,2047
HS2,7284
HS3,629
HS4,141
HS5,122
HS6,823
HS7,646
HS8,886
HS9,598
HU1,974
HU10,11066
HU11,7627
HU12,14602
HU13,8140
HU14,5403
HU15,14462
HU16,8627
HU17,23989
HU18,4554
HU19,3129
HU2,1259
HU20,550
HU3,8653
HU4,10459
HU5,19061
HU6,11273
HU7,19142
HU8,14713
HU9,14010
HX1,7667
HX2,16811
HX3,21659
HX4,6430
HX5,4849
HX6,9060
HX7,6265
IG1,18791
IG10,15742
IG11,16781
IG2,10086
IG3,12062
IG4,3863
IG5,7542
IG6,12226
IG7,10885
IG8,16568
IG9,6372
IP1,18428
IP10,2424
IP11,16847
IP12,14978
IP13,12600
IP14,24681
IP15,1414
IP16,3697
IP17,7632
IP18,2214
IP19,6550
IP2,13942
IP20,5065
IP21,7611
IP22,13908
IP23,4868
IP24,15248
IP25,11546
IP26,5496
IP27,12769
IP28,18353
IP29,6226
IP3,16695
IP30,10078
IP31,13270
IP32,9146
IP33,11902
IP4,17987
IP5,12091
IP6,11587
IP7,10034
IP8,7179
IP9,7408
IV1,1934
IV10,1556
IV11,440
IV12,6540
IV13,384
IV14,1213
IV15,2644
IV16,995
IV17,3062
IV18,2890
IV19,2391
IV2,25057
IV20,1612
IV21,627
IV22,831
IV23,431
IV24,768
IV25,1457
IV26,880
IV27,1826
IV28,293
IV3,8035
IV30,17614
IV31,3531
IV32,2767
IV36,8186
IV4,2597
IV40,1329
IV41,176
IV42,266
IV43,159
IV44,152
IV45,156
IV46,64
IV47,329
IV48,48
IV49,557
IV5,804
IV51,2584
IV52,188
IV53,83
IV54,739
IV55,704
IV56,193
IV6,2590
IV63,1479
IV7,3540
IV8,544
IV9,696
KA1,13718
KA10,8537
KA11,10189
KA12,7418
KA13,7851
KA14,271
KA15,3621
KA16,1459
KA17,2054
KA18,9637
KA19,3750
KA2,3630
KA20,3668
KA21,5287
KA22,4780
KA23,2982
KA24,2943
KA25,3003
KA26,4935
KA27,2314
KA28,541
KA29,906
KA3,18935
KA30,5509
KA4,2665
KA5,4868
KA6,9427
KA7,14845
KA8,7480
KA9,8302
KT1,7108
KT10,12860
KT11,9852
KT12,21657
KT13,13590
KT14,7973
KT15,16662
KT16,11575
KT17,13295
KT18,11705
KT19,18247
KT2,11993
KT20,13655
KT21,8203
KT22,18549
KT23,7389
KT24,6682
KT3,16316
KT4,14004
KT5,8653
KT6,12653
KT7,7206
KT8,10976
KT9,10696
KW1,5075
KW10,795
KW11,61
KW12,981
KW13,53
KW14,6021
KW15,4110
KW16,1914
KW17,5187
KW2,34
KW3,553
KW5,155
KW6,191
KW7,66
KW8,442
KW9,905
KY1,12235
KY10,4851
KY11,31746
KY12,20649
KY13,7249
KY14,3940
KY15,12242
KY16,8463
KY2,14973
KY3,5593
KY4,10840
KY5,9242
KY6,9114
KY7,13677
KY8,16773
KY9,1114
L1,1345
L10,6432
L11,8963
L12,14174
L13,9395
L14,9445
L15,8395
L16,7259
L17,8507
L18,11548
L19,9834
L2,240
L20,10480
L21,8372
L22,5394
L23,14959
L24,6156
L25,15618
L26,7010
L27,2201
L28,1910
L29,303
L3,4100
L30,7369
L31,15901
L32,6872
L33,6545
L34,6546
L35,14130
L36,16201
L37,13088
L38,1564
L39,14531
L4,10894
L40,11859
L41,c
L42,10
L43,20
L44,9
L45,13
L46,14
L47,c
L48,20
L49,7
L5,3592
L6,5448
L60,14
L61,12
L62,10
L63,19
L64,22
L65,5
L66,6
L69,268
L7,3484
L8,7338
L9,11300
LA1,18799
LA10,2002
LA11,6214
LA12,11365
LA13,9036
LA14,14967
LA15,3878
LA16,1907
LA17,748
LA18,3981
LA19,625
LA2,12598
LA20,756
LA21,674
LA22,2416
LA23,4615
LA3,12830
LA4,11716
LA5,9615
LA6,8498
LA7,3125
LA8,5767
LA9,15391
LD1,6508
LD2,3149
LD3,10842
LD4,450
LD5,598
LD6,1512
LD7,2782
LD8,2816
LE1,2803
LE10,29056
LE11,25010
LE12,39145
LE13,14320
LE14,11753
LE15,19694
LE16,20982
LE17,14286
LE18,18161
LE19,9735
LE2,75490
LE3,43702
LE4,42241
LE5,35664
LE6,7079
LE65,9521
LE67,36013
LE7,29304
LE8,22952
LE9,34391
LL11,20367
LL12,16107
LL13,16660
LL14,16537
LL15,6227
LL16,8729
LL17,3436
LL18,20196
LL19,10615
LL20,4538
LL21,3866
LL22,10297
LL23,2238
LL24,1098
LL25,286
LL26,2268
LL27,406
LL28,7782
LL29,10166
LL30,10207
LL31,5907
LL32,3672
LL33,2030
LL34,2277
LL35,394
LL36,2279
LL37,345
LL38,374
LL39,113
LL40,2277
LL41,3030
LL42,956
LL43,321
LL44,580
LL45,345
LL46,965
LL47,303
LL48,1307
LL49,2142
LL51,476
LL52,1518
LL53,8961
LL54,6419
LL55,11079
LL56,1253
LL57,10541
LL58,2071
LL59,3203
LL60,1932
LL61,3643
LL62,1133
LL63,755
LL64,437
LL65,11805
LL66,185
LL67,753
LL68,3471
LL69,415
LL70,171
LL71,1176
LL72,426
LL73,156
LL74,1475
LL75,843
LL76,190
LL77,4157
LL78,326
LN1,13586
LN10,3786
LN11,16274
LN12,6647
LN13,4728
LN2,19134
LN3,5983
LN4,22951
LN5,16338
LN6,31865
LN7,3913
LN8,10818
LN9,5770
LS1,52615
LS10,13169
LS11,10361
LS12,21263
LS13,13973
LS14,14008
LS15,16760
LS16,18209
LS17,23323
LS18,10177
LS19,10540
LS2,697
LS20,6711
LS21,9902
LS22,9650
LS23,5450
LS24,7094
LS25,22419
LS26,15400
LS27,17181
LS28,19770
LS29,17921
LS3,465
LS4,2404
LS5,29958
LS6,9196
LS7,10298
LS8,18260
LS9,10508
LU1,16693
LU2,27984
LU3,26493
LU4,21279
LU5,20773
LU6,19452
LU7,33837
M1,1237
M10,c
M11,7994
M12,5367
M13,5066
M14,9722
M15,4249
M16,12149
M17,440
M18,7371
M19,12343
M2,213
M20,18079
M21,11574
M22,16224
M23,12056
M24,20830
M25,13567
M26,16530
M27,18517
M28,20955
M29,12335
M3,3354
M30,14990
M31,3366
M32,12006
M33,30055
M34,21962
M35,8900
M38,4627
M4,2698
M40,14871
M41,21336
M43,10037
M44,9305
M45,10256
M46,10146
M5,5004
M50,1589
M6,10799
M60,28
M7,8547
M8,10309
M9,13703
M90,102
ME1,15149
ME10,25325
ME11,1747
ME12,20507
ME13,15012
ME14,17464
ME15,26936
ME16,17023
ME17,16202
ME18,4689
ME19,14498
ME2,22091
ME20,12940
ME3,17416
ME4,12534
ME5,27601
ME6,5973
ME7,22611
ME8,27423
ME9,14046
MK1,2222
MK10,35332
MK11,4829
MK12,6433
MK13,8727
MK14,154491
MK15,8761
MK16,17392
MK17,12525
MK18,20440
MK19,7507
MK2,6827
MK3,13183
MK4,12338
MK40,15135
MK41,22591
MK42,25235
MK43,24039
MK44,27299
MK45,29884
MK46,5606
MK5,7785
MK6,11168
MK7,7837
MK8,6998
MK9,1366
ML1,26045
ML10,6363
ML11,18068
ML12,5156
ML2,17233
ML3,23722
ML4,9464
ML5,18958
ML6,25072
ML7,7074
ML8,10555
ML9,11105
N1,15292
N10,8741
N11,10477
N12,10952
N13,11685
N14,13297
N15,9061
N16,11587
N17,14417
N18,9585
N19,6485
N1C,204
N2,8437
N20,9219
N21,11179
N22,10370
N3,10015
N4,9123
N5,4818
N6,6348
N7,7586
N8,9999
N9,16061
NE1,1395
NE10,12707
NE11,7305
NE12,16386
NE13,9456
NE15,13629
NE16,12388
NE17,2029
NE18,586
NE19,1314
NE2,5435
NE20,7759
NE21,7866
NE22,8791
NE23,19146
NE24,17562
NE25,15643
NE26,9205
NE27,7221
NE28,17883
NE29,14654
NE3,22676
NE30,10651
NE31,8859
NE32,9683
NE33,9513
NE34,20939
NE35,2833
NE36,3753
NE37,7963
NE38,15192
NE39,4450
NE4,10236
NE40,7471
NE41,1246
NE42,6198
NE43,2825
NE44,671
NE45,2196
NE46,8024
NE47,4520
NE48,2516
NE49,2091
NE5,18589
NE6,14343
NE61,18551
NE62,4613
NE63,12103
NE64,2509
NE65,11597
NE66,9482
NE67,602
NE68,981
NE69,211
NE7,6681
NE70,1056
NE71,1657
NE8,8797
NE9,14554
NE99,7
NG1,1582
NG10,24271
NG11,16782
NG12,19928
NG13,12881
NG14,11294
NG15,22521
NG16,34241
NG17,36002
NG18,21482
NG19,26863
NG2,24016
NG20,13024
NG21,12781
NG22,16015
NG23,12019
NG24,22849
NG25,5216
NG3,18978
NG31,22856
NG32,8861
NG33,6421
NG34,24436
NG4,19221
NG5,37788
NG6,14220
NG7,10873
NG8,25568
NG9,33469
NG90,c
NN1,12106
NN10,22875
NN11,23090
NN12,16559
NN13,13389
NN14,27607
NN15,26652
NN16,14071
NN17,15920
NN18,18307
NN2,18567
NN29,7183
NN3,39474
NN4,27568
NN5,21158
NN6,23399
NN7,18841
NN8,25789
NN9,16410
NP1,38
NP10,14562
NP11,18893
NP12,17519
NP13,9657
NP15,5274
NP16,14074
NP18,10460
NP19,24900
NP2,28
NP20,23153
NP22,10659
NP23,16331
NP24,2058
NP25,9292
NP26,13870
NP3,14
NP4,24190
NP44,24937
NP5,34
NP6,55
NP7,15684
NP8,3424
NP9,31
NR1,10285
NR10,14375
NR11,11635
NR12,13541
NR13,17367
NR14,16382
NR15,10214
NR16,8441
NR17,10388
NR18,11929
NR19,11101
NR2,9629
NR20,12323
NR21,9625
NR22,508
NR23,1635
NR24,2732
NR25,5079
NR26,4337
NR27,5914
NR28,9913
NR29,12923
NR3,13160
NR30,12388
NR31,24437
NR32,19005
NR33,20495
NR34,13225
NR35,6570
NR4,9894
NR5,12324
NR6,14234
NR7,17973
NR8,13490
NR9,11836
NW1,9074
NW10,26986
NW11,11185
NW2,17880
NW3,13409
NW4,10891
NW5,5762
NW6,13144
NW7,12548
NW8,7081
NW9,25201
OL1,7642
OL10,12556
OL11,19363
OL12,20730
OL13,7706
OL14,6897
OL15,7407
OL16,15842
OL2,19566
OL3,8886
OL4,18261
OL5,5348
OL6,11298
OL7,6568
OL8,13960
OL9,16115
OX1,6056
OX10,16087
OX11,22584
OX12,16572
OX13,9539
OX14,24399
OX15,13588
OX16,23505
OX17,13204
OX18,15135
OX2,15787
OX20,3020
OX25,24495
OX26,23683
OX27,4823
OX28,14615
OX29,16351
OX3,16021
OX33,4764
OX39,5274
OX4,22129
OX44,5280
OX49,2808
OX5,13363
OX6,30
OX7,14868
OX8,78
OX9,9116
PA1,8759
PA10,2169
PA11,3389
PA12,1851
PA13,2706
PA14,6596
PA15,5879
PA16,12611
PA17,1249
PA18,1557
PA19,5737
PA2,17901
PA20,2427
PA21,428
PA22,192
PA23,5694
PA24,275
PA25,44
PA26,71
PA27,417
PA28,3208
PA29,1137
PA3,9378
PA30,688
PA31,2764
PA32,644
PA33,382
PA34,4573
PA35,813
PA36,27
PA37,1640
PA38,514
PA39,c
PA4,11848
PA41,90
PA42,534
PA43,404
PA44,167
PA45,72
PA46,117
PA47,72
PA48,181
PA49,107
PA5,9642
PA6,3993
PA60,117
PA61,79
PA62,11
PA63,6
PA64,59
PA65,124
PA66,96
PA67,123
PA68,c
PA69,10
PA7,4770
PA70,37
PA71,23
PA72,245
PA73,23
PA74,8
PA75,679
PA76,64
PA77,339
PA78,98
PA8,7501
PA80,168
PA82,c
PA86,7
PA87,c
PA9,1085
PE1,102819
PE10,14446
PE11,25198
PE12,25258
PE13,19879
PE14,13926
PE15,17072
PE16,6410
PE17,94
PE18,38
PE19,26135
PE2,24239
PE20,9479
PE21,21400
PE22,10820
PE23,5399
PE24,6936
PE25,9707
PE26,7165
PE27,11420
PE28,32420
PE29,19416
PE3,14588
PE30,20990
PE31,11869
PE32,10117
PE33,9488
PE34,9026
PE35,47
PE36,3389
PE37,6436
PE38,8979
PE4,14842
PE5,1022
PE6,23550
PE7,26553
PE8,11177
PE9,18825
PH1,19966
PH10,6163
PH11,1900
PH12,1197
PH13,2332
PH14,1285
PH15,1823
PH16,2074
PH17,89
PH18,415
PH19,52
PH2,18361
PH20,794
PH21,1060
PH22,1625
PH23,429
PH24,422
PH25,564
PH26,1974
PH3,3950
PH30,5
PH31,289
PH32,353
PH33,5356
PH34,555
PH35,172
PH36,698
PH37,78
PH38,109
PH39,220
PH4,565
PH40,174
PH41,393
PH42,40
PH43,5
PH44,5
PH49,577
PH5,488
PH50,376
PH6,1485
PH7,4609
PH8,1066
PH9,537
PL1,7996
PL10,1795
PL11,5305
PL12,12450
PL13,5453
PL14,13642
PL15,12493
PL16,1307
PL17,6139
PL18,3161
PL19,9424
PL2,13133
PL20,7196
PL21,11043
PL22,2238
PL23,1872
PL24,5773
PL25,13811
PL26,16343
PL27,7065
PL28,2271
PL29,527
PL3,14507
PL30,6782
PL31,8009
PL32,2552
PL33,1119
PL34,1006
PL35,598
PL4,9363
PL5,18735
PL6,22112
PL7,17999
PL8,4063
PL9,17045
PO1,7944
PO10,10913
PO11,10899
PO12,21757
PO13,17686
PO14,19350
PO15,13214
PO16,18299
PO17,4210
PO18,9399
PO19,15165
PO2,16022
PO20,21179
PO21,21404
PO22,18038
PO3,9677
PO30,15083
PO31,7509
PO32,4543
PO33,15212
PO34,1334
PO35,2195
PO36,8650
PO37,4655
PO38,7140
PO39,1420
PO4,16259
PO40,3151
PO41,1425
PO5,8793
PO6,48170
PO7,24729
PO8,21963
PO9,24061
PR1,25300
PR2,37222
PR25,16703
PR26,7883
PR3,24678
PR4,38321
PR5,21701
PR6,19670
PR7,33344
PR8,27031
PR9,21352
RG1,13660
RG10,11989
RG11,61
RG12,37938
RG13,18
RG14,22848
RG15,17
RG16,33
RG17,9410
RG18,11444
RG19,10024
RG2,18932
RG20,13317
RG21,12502
RG22,22269
RG23,7563
RG24,19986
RG25,5746
RG26,14273
RG27,15544
RG28,3575
RG29,4248
RG3,38
RG30,20126
RG31,16034
RG4,21340
RG40,18748
RG41,18429
RG42,16754
RG45,8936
RG5,15068
RG6,19558
RG7,22335
RG8,12340
RG9,14946
RH1,25114
RH10,38667
RH11,25881
RH12,28931
RH13,23990
RH14,10822
RH15,18018
RH16,19341
RH17,12918
RH18,2735
RH19,20267
RH2,14966
RH20,18294
RH3,2939
RH4,8618
RH5,11248
RH6,19367
RH7,5389
RH8,9276
RH9,3833
RM1,9110
RM10,13169
RM11,16347
RM12,15949
RM13,14264
RM14,14216
RM15,15054
RM16,21848
RM17,13166
RM18,8058
RM19,3423
RM2,6377
RM20,3330
RM3,19165
RM4,3014
RM5,9224
RM6,12959
RM7,13010
RM8,15315
RM9,12269
S1,816
S10,16668
S11,14010
S12,15839
S13,13477
S14,2636
S17,9105
S18,14297
S19,12
S2,12503
S20,15553
S21,11092
S25,11252
S26,13967
S3,3729
S30,61
S31,41
S32,3659
S33,2935
S35,25811
S36,15960
S4,5005
S40,17246
S41,22341
S42,16556
S43,20737
S44,11615
S45,7393
S49,c
S5,21253
S6,24906
S60,20113
S61,15864
S62,8999
S63,19171
S64,14727
S65,13456
S66,23259
S7,7485
S70,16899
S71,22283
S72,12267
S73,13644
S74,8503
S75,24458
S8,19538
S80,14368
S81,20768
S9,10867
S98,c
SA1,16668
SA10,16885
SA11,16819
SA12,15306
SA13,9485
SA14,19441
SA15,18211
SA16,4638
SA17,5698
SA18,16566
SA19,5669
SA2,17353
SA20,1844
SA3,15067
SA31,8765
SA32,4993
SA33,7698
SA34,3106
SA35,571
SA36,234
SA37,901
SA38,2787
SA39,1545
SA4,29750
SA40,1673
SA41,1268
SA42,1222
SA43,7333
SA44,6990
SA45,859
SA46,1398
SA47,610
SA48,4887
SA5,15695
SA6,16678
SA61,6926
SA62,12859
SA63,771
SA64,1261
SA65,2360
SA66,1977
SA67,4535
SA68,2598
SA69,2151
SA7,8610
SA70,4843
SA71,5722
SA72,5111
SA73,10722
SA8,7207
SA9,8391
SA99,6383
SE1,11517
SE10,7460
SE11,4021
SE12,9392
SE13,10184
SE14,5035
SE15,13276
SE16,9643
SE17,4834
SE18,20378
SE19,8705
SE2,8724
SE20,6912
SE21,5036
SE22,8078
SE23,9610
SE24,4545
SE25,10984
SE26,8737
SE27,5820
SE28,8415
SE3,11490
SE4,7151
SE5,8886
SE6,16328
SE7,5902
SE8,5996
SE9,24635
SG1,25639
SG10,1383
SG11,5605
SG12,16826
SG13,9838
SG14,11181
SG15,3311
SG16,3892
SG17,8547
SG18,16738
SG19,15601
SG2,22127
SG3,4231
SG4,16848
SG5,18840
SG6,17723
SG7,7858
SG8,24131
SG9,7787
SK1,5234
SK10,23436
SK11,19826
SK12,11833
SK13,16508
SK14,22088
SK15,13230
SK16,8902
SK17,16267
SK2,14512
SK22,6528
SK23,10510
SK3,221940
SK4,17855
SK5,11886
SK6,27529
SK7,23859
SK8,33223
SK9,22434
SL0,7497
SL1,132673
SL2,25774
SL3,29355
SL4,23058
SL5,15445
SL6,46607
SL7,13377
SL8,4237
SL9,14079
SM1,16273
SM2,13255
SM3,10398
SM4,14632
SM5,17259
SM6,16570
SM7,11082
SN1,12621
SN10,18995
SN11,13782
SN12,16033
SN13,10022
SN14,19858
SN15,20339
SN16,9260
SN2,19283
SN25,22187
SN26,1331
SN3,28218
SN4,17091
SN5,148301
SN6,13603
SN7,9057
SN8,15121
SN9,5089
SO1,5
SO14,7825
SO15,17145
SO16,30545
SO17,5737
SO18,17756
SO19,26396
SO20,5458
SO21,13141
SO22,13242
SO23,11006
SO24,7704
SO3,20
SO30,19940
SO31,28595
SO32,14995
SO4,47
SO40,24712
SO41,20362
SO42,3368
SO43,3017
SO45,20545
SO5,44
SO50,26666
SO51,18668
SO52,4301
SO53,19749
SP1,10990
SP10,20713
SP11,19662
SP2,14977
SP3,7797
SP4,20188
SP5,15366
SP6,9448
SP7,9219
SP8,8938
SP9,4991
SR1,1082
SR2,12618
SR3,16796
SR4,15079
SR5,12656
SR6,14624
SR7,13359
SR8,14825
SS0,17273
SS1,12197
SS11,11059
SS12,10320
SS13,10705
SS14,11808
SS15,23644
SS16,14365
SS17,18611
SS2,16357
SS3,15001
SS4,12305
SS5,13447
SS6,17611
SS7,28919
SS8,20069
SS9,26051
ST1,12888
ST10,14703
ST11,5837
ST12,2417
ST13,15078
ST14,11596
ST15,12976
ST16,15349
ST17,20035
ST18,11801
ST19,9249
ST2,14811
ST20,4433
ST21,4050
ST3,31886
ST4,24991
ST5,38471
ST6,28327
ST7,30658
ST8,11347
ST9,7480
SW10,4850
SW11,16690
SW12,7918
SW13,5941
SW14,6601
SW15,17632
SW16,23685
SW17,15223
SW18,18095
SW19,24710
SW1A,241
SW1E,261
SW1H,292
SW1P,2670
SW1V,4397
SW1W,4627
SW1X,2375
SW1Y,239
SW2,10703
SW20,11152
SW3,7043
SW4,8260
SW5,2790
SW6,17492
SW7,5360
SW8,6213
SW9,7516
SY1,13079
SY10,9920
SY11,14049
SY12,5065
SY13,11858
SY14,4512
SY15,3523
SY16,7887
SY17,2184
SY18,2513
SY19,612
SY2,8959
SY20,3559
SY21,9692
SY22,5684
SY23,11944
SY24,2470
SY25,2590
SY3,17984
SY4,15931
SY5,13795
SY6,4347
SY7,6992
SY8,10856
SY9,1617
TA1,20107
TA10,6666
TA11,6368
TA12,3929
TA13,2756
TA14,1937
TA15,430
TA16,1261
TA17,412
TA18,6411
TA19,7576
TA2,16019
TA20,12096
TA21,11763
TA22,1692
TA23,3229
TA24,9981
TA3,10057
TA4,12330
TA5,7377
TA6,25059
TA7,10627
TA8,9465
TA9,7770
TD1,8349
TD10,626
TD11,4345
TD12,2561
TD13,562
TD14,3429
TD15,8853
TD2,1590
TD3,623
TD4,1293
TD5,6255
TD6,4737
TD7,3804
TD8,3085
TD9,8582
TF1,20283
TF10,11888
TF11,6868
TF12,3198
TF13,2340
TF2,20374
TF3,11556
TF4,10967
TF5,3108
TF6,3823
TF7,7670
TF8,1936
TF9,14998
TN1,4616
TN10,8690
TN11,9264
TN12,18585
TN13,13192
TN14,10247
TN15,17085
TN16,12325
TN17,8914
TN18,4108
TN19,3427
TN2,15396
TN20,2525
TN21,11044
TN22,17665
TN23,20319
TN24,16745
TN25,11840
TN26,7928
TN27,9310
TN28,5220
TN29,7922
TN3,7742
TN30,6098
TN31,8502
TN32,3248
TN33,7750
TN34,12776
TN35,8898
TN36,1494
TN37,8930
TN38,12959
TN39,14482
TN4,15270
TN40,8567
TN5,5719
TN6,15664
TN7,1768
TN8,8830
TN9,8710
TQ1,15040
TQ10,2500
TQ11,2328
TQ12,32310
TQ13,14915
TQ14,10568
TQ2,17184
TQ3,16074
TQ4,10924
TQ5,10093
TQ6,4264
TQ7,10298
TQ8,1020
TQ9,10955
TR1,10789
TR10,5330
TR11,14518
TR12,5622
TR13,11594
TR14,13918
TR15,10913
TR16,9850
TR17,827
TR18,8375
TR19,4708
TR2,6403
TR20,5893
TR21,509
TR22,c
TR23,9
TR24,c
TR25,7
TR26,5345
TR27,8580
TR3,7920
TR4,7827
TR5,2381
TR6,2058
TR7,10507
TR8,6109
TR9,4732
TS1,3111
TS10,17393
TS11,6401
TS12,11692
TS13,4569
TS14,9977
TS15,8458
TS16,5862
TS17,22379
TS18,11718
TS19,15477
TS2,417
TS20,9094
TS21,7532
TS22,5957
TS23,13253
TS24,7897
TS25,16727
TS26,12163
TS27,6453
TS28,2621
TS29,2945
TS3,8569
TS4,5918
TS5,18995
TS6,13254
TS7,12505
TS8,11090
TS9,8159
TW1,10254
TW10,7513
TW11,10030
TW12,10987
TW13,15208
TW14,11954
TW15,15957
TW16,11906
TW17,8975
TW18,14033
TW19,9663
TW2,13058
TW20,11291
TW3,12974
TW4,9935
TW5,11896
TW6,278
TW7,15291
TW8,7675
TW9,8126
UB1,12728
UB10,17903
UB11,68
UB2,11474
UB3,22244
UB4,16674
UB5,16976
UB6,19931
UB7,15162
UB8,18095
UB9,8709
W10,6929
W11,7429
W12,10052
W13,10628
W14,7890
W1A,11
W1B,265
W1C,16
W1D,171
W1F,280
W1G,978
W1H,1711
W1J,855
W1K,1425
W1M,5
W1N,6
W1S,241
W1T,597
W1U,1365
W1V,9
W1W,709
W1X,11
W1Y,8
W2,8919
W3,13722
W4,14965
W5,16276
W6,10267
W7,9465
W8,5811
W9,7403
WA1,11902
WA10,18587
WA11,20888
WA12,11677
WA13,8018
WA14,16063
WA15,22701
WA16,15609
WA2,18656
WA3,26199
WA4,27617
WA5,32782
WA6,11913
WA7,29381
WA8,32763
WA9,21582
WC1A,109
WC1B,217
WC1E,204
WC1H,740
WC1N,748
WC1R,97
WC1V,98
WC1X,981
WC2A,99
WC2B,240
WC2E,105
WC2H,450
WC2N,125
WC2R,91
WD1,26
WD17,8717
WD18,27449
WD19,13926
WD2,38
WD23,14665
WD24,10596
WD25,15732
WD3,24328
WD4,7211
WD5,6691
WD6,19160
WD7,7694
WF1,16734
WF10,23107
WF11,8285
WF12,14944
WF13,9918
WF14,10493
WF15,8635
WF16,5291
WF17,18039
WF2,25127
WF3,17690
WF4,24029
WF5,11085
WF6,10511
WF7,10925
WF8,17603
WF9,18935
WN1,8821
WN2,25606
WN3,15016
WN4,14431
WN5,20598
WN6,21685
WN7,21537
WN8,21314
WR1,4375
WR10,12590
WR11,27564
WR12,4052
WR13,6214
WR14,19183
WR15,4633
WR2,16479
WR3,12791
WR4,12790
WR5,30095
WR6,9497
WR7,4144
WR8,5802
WR9,19674
WS1,9256
WS10,19464
WS11,23245
WS12,19709
WS13,14473
WS14,10416
WS15,21013
WS2,14277
WS3,21912
WS4,8723
WS5,11096
WS6,9551
WS7,17303
WS8,8063
WS9,15066
WV1,5410
WV10,24113
WV11,16408
WV12,12623
WV13,9497
WV14,20767
WV15,5384
WV16,10430
WV2,6980
WV3,13558
WV4,16914
WV5,9269
WV6,22610
WV7,3339
WV8,8187
WV9,3966
YO1,1314
YO10,8106
YO11,9692
YO12,16867
YO13,6299
YO14,5985
YO15,5876
YO16,11151
YO17,12588
YO18,6567
YO19,7667
YO2,50
YO21,6982
YO22,4318
YO23,9649
YO24,12996
YO25,19902
YO26,16466
YO3,30
YO30,12316
YO31,10796
YO32,15791
YO4,45
YO41,6969
YO42,9274
YO43,7948
YO5,14
YO51,3924
YO6,44
YO60,3144
YO61,8858
YO62,6978
YO7,12091
YO8,26045
ZE1,3830
ZE2,7427
ZE3,233
N/A 2,706851
